z,mu,sig
0.01029,32.3353,0.401367
0.01051,32.901,0.309548
0.01042,32.7794,0.348547
0.01048,33.1081,0.364668
0.0104,33.5709,0.314858
0.01238,33.7337,0.342487
0.01096,33.8347,0.353909
0.01096,33.4336,0.283424
0.01189,33.5833,0.281169
0.01168,33.4974,0.301502
0.01275,33.8783,0.346381
0.01244,33.7023,0.266666
0.01142,33.7403,0.254135
0.0126,33.8286,0.265115
0.0122,33.708,0.24076
0.01247,33.5874,0.26006
0.01407,33.7492,0.416658
0.01306,33.6365,0.287379
0.01309,33.7355,0.239783
0.01222,33.5752,0.292564
0.01222,33.5673,0.284786
0.01288,33.9682,0.303693
0.0136,33.797,0.277855
0.01314,33.7649,0.288791
0.01361,33.6741,0.345367
0.01434,33.6968,0.233531
0.014,33.8053,0.288803
0.01406,33.8206,0.250873
0.01424,33.8444,0.265489
0.01386,34.0187,0.307194
0.01509,34.3366,0.370715
0.01416,33.9078,0.240515
0.01504,34.1727,0.365029
0.01457,33.7526,0.2163
0.0142,33.8826,0.249316
0.01422,33.9253,0.243928
0.01503,33.7553,0.390506
0.01448,33.8916,0.240694
0.01429,33.7894,0.397352
0.01472,34.0109,0.270222
0.01449,34.1902,0.372674
0.01402,33.8524,0.277558
0.01483,33.974,0.229564
0.01509,33.8877,0.294985
0.01495,34.1793,0.26677
0.01529,33.7706,0.30219
0.01522,34.0334,0.344305
0.01518,34.3426,0.372888
0.01566,34.0744,0.314862
0.01572,34.0331,0.226465
0.01493,34.2732,0.34036
0.01534,34.2581,0.272528
0.01534,33.9994,0.28632
0.01592,33.7902,0.290577
0.01506,34.1732,0.264363
0.01539,34.3317,0.278713
0.01527,34.1657,0.28688
0.01629,33.9986,0.219937
0.01629,34.0697,0.290382
0.01556,33.9926,0.239289
0.01579,34.3916,0.270341
0.01619,34.0287,0.224824
0.01579,34.1663,0.242893
0.01538,34.0329,0.272511
0.01636,34.1062,0.281582
0.01619,34.4137,0.34637
0.01595,33.9999,0.334729
0.0157,34.1608,0.218117
0.01612,33.9726,0.41528
0.01581,34.2793,0.261916
0.01633,34.3408,0.198023
0.0163,33.8985,0.245383
0.01632,34.1679,0.246475
0.01601,33.9673,0.284408
0.0161,33.841,0.289311
0.01671,34.4894,0.310314
0.01678,34.3409,0.228387
0.01673,34.0755,0.297815
0.01661,34.1973,0.214463
0.01658,34.022,0.308995
0.01697,34.6084,0.219814
0.01649,34.1436,0.28269
0.0168,34.4009,0.221698
0.01694,34.361,0.220285
0.01709,34.31,0.263557
0.01646,33.7799,0.330633
0.01774,34.3228,0.200241
0.01718,34.1465,0.231417
0.01748,34.2221,0.320412
0.01734,34.3364,0.210115
0.01739,34.2939,0.246602
0.01765,34.2975,0.318912
0.01791,34.2661,0.234211
0.01805,34.6078,0.20147
0.01918,34.9792,0.21848
0.01791,34.2005,0.280568
0.01796,34.4393,0.226901
0.01925,34.492,0.255362
0.01851,34.6171,0.238984
0.01851,34.5716,0.239989
0.01902,34.6066,0.277471
0.01822,34.5466,0.215514
0.01839,34.4286,0.281407
0.01955,34.7747,0.195403
0.01835,34.757,0.466611
0.01992,34.6865,0.406241
0.01855,34.3648,0.295725
0.01948,34.6854,0.204275
0.01976,34.5121,0.199486
0.02033,34.5072,0.233893
0.01926,34.5995,0.188309
0.0187,34.9988,0.187715
0.02019,34.8165,0.241825
0.02019,34.5749,0.375822
0.02066,34.5709,0.187708
0.02121,34.6552,0.214591
0.01983,35.1263,0.375783
0.02039,34.556,0.333904
0.02061,34.4168,0.217156
0.02014,34.5647,0.249505
0.02079,34.4863,0.330445
0.02087,34.674,0.230899
0.02046,34.8118,0.300223
0.02001,34.6956,0.216494
0.01993,34.6693,0.230687
0.02093,34.375,0.203089
0.02207,34.8194,0.196425
0.02146,35.118,0.310686
0.02187,34.7561,0.180584
0.01978,34.7627,0.339971
0.02179,34.3468,0.19901
0.02017,34.5899,0.199177
0.02104,34.6114,0.393324
0.02157,34.7709,0.195863
0.0214,34.7583,0.283448
0.02263,34.8589,0.246447
0.02245,34.9654,0.216973
0.02193,34.6739,0.247785
0.02209,34.7477,0.199095
0.02202,34.8847,0.186029
0.02238,35.0481,0.288632
0.02292,35.0136,0.216159
0.02161,34.8059,0.18018
0.02257,34.9245,0.169837
0.02214,34.7727,0.199004
0.02217,34.7814,0.224663
0.02334,34.7714,0.302654
0.02181,34.759,0.288719
0.02253,35.0392,0.214526
0.02253,34.7306,0.243141
0.02382,34.8438,0.220547
0.02226,34.8693,0.2033
0.02224,34.6849,0.358325
0.02368,35.2685,0.304874
0.02374,34.8584,0.20127
0.0226,34.9992,0.267367
0.0235,34.985,0.19074
0.02324,34.7666,0.340338
0.02317,35.0225,0.271221
0.02262,34.883,0.27497
0.02287,34.9168,0.178524
0.02222,35.0537,0.229702
0.02295,34.6478,0.266962
0.02328,34.9851,0.282579
0.02315,34.8582,0.260273
0.02309,34.8331,0.263771
0.02405,34.8391,0.21588
0.0245,34.9998,0.217718
0.0228,35.0406,0.206572
0.02331,34.5715,0.261746
0.0222,34.9543,0.274039
0.02422,34.943,0.2098
0.02307,34.9949,0.180801
0.02396,34.889,0.403697
0.02296,34.994,0.277383
0.02454,34.8993,0.190331
0.02358,35.1018,0.195014
0.02436,35.1049,0.31033
0.02436,34.4711,0.398476
0.02421,34.8782,0.224067
0.0242,34.9421,0.208286
0.0245,35.1803,0.232251
0.02425,35.0771,0.195416
0.02395,34.9871,0.184147
0.02349,35.2317,0.235205
0.02414,35.0102,0.201948
0.02476,35.008,0.162015
0.02395,35.1784,0.189112
0.02451,35.1061,0.235556
0.02426,34.9528,0.213795
0.02426,34.807,0.18246
0.02406,34.8112,0.317595
0.02404,35.0862,0.240547
0.02491,35.1973,0.228493
0.02553,35.2152,0.268527
0.02481,34.8369,0.288042
0.02413,35.079,0.205996
0.02499,35.0276,0.190198
0.02443,34.4583,0.333265
0.025,34.9117,0.306484
0.025,35.1989,0.238281
0.025,35.2277,0.204374
0.02469,35.1139,0.15531
0.02547,34.9842,0.185284
0.02494,34.9441,0.240723
0.02582,35.1882,0.176701
0.02522,35.1974,0.185937
0.02474,35.1828,0.233724
0.02492,35.0621,0.190177
0.02592,34.7664,0.344692
0.02538,35.1181,0.200181
0.02525,35.4014,0.200491
0.02584,35.2931,0.179545
0.02618,35.3111,0.17873
0.02597,35.2855,0.288909
0.02579,35.0223,0.372346
0.02595,35.308,0.179587
0.02603,35.2688,0.183373
0.02691,35.1184,0.181369
0.02643,35.2513,0.18676
0.0264,35.3224,0.216057
0.02724,35.2892,0.298907
0.02633,35.2673,0.172357
0.02655,35.3437,0.230789
0.02643,35.313,0.220137
0.0266,35.3042,0.352852
0.02721,35.5236,0.225337
0.02717,35.113,0.172724
0.02676,35.3467,0.289875
0.0277,35.7258,0.321699
0.02704,35.1306,0.184771
0.02759,35.6739,0.216353
0.02748,35.3613,0.190628
0.02827,35.3174,0.173415
0.02775,35.2874,0.292934
0.02831,35.5061,0.163093
0.02794,35.2665,0.177545
0.02834,35.372,0.160301
0.02778,35.1049,0.181734
0.02732,35.4368,0.180322
0.02802,35.1963,0.366604
0.02829,35.5996,0.235009
0.02779,35.6596,0.251383
0.02953,35.3449,0.211378
0.02859,35.4105,0.201911
0.02806,34.9487,0.227749
0.02828,35.2763,0.655117
0.02871,35.4779,0.275376
0.02845,35.0558,0.218663
0.02875,35.5152,0.250819
0.02844,35.6948,0.183345
0.0285,35.2391,0.185823
0.02895,35.6024,0.169987
0.02895,35.6222,0.299966
0.02874,35.472,0.225755
0.0299,35.2761,0.180915
0.02886,35.0939,0.272694
0.02896,35.6079,0.224233
0.0305,35.3638,0.283742
0.03053,35.4654,0.177866
0.029,35.5064,0.190895
0.03048,35.2781,0.194122
0.02935,35.5015,0.190369
0.02988,35.5116,0.190788
0.02934,35.4354,0.185335
0.02962,35.861,0.192522
0.02978,35.5195,0.196088
0.03025,35.5185,0.166012
0.03002,35.5542,0.216273
0.02994,35.4803,0.173804
0.02973,35.5345,0.258248
0.02965,35.3586,0.164518
0.03099,35.3522,0.343157
0.03004,35.6084,0.212671
0.0298,35.4648,0.278746
0.03007,35.4164,0.184841
0.03093,35.4926,0.166476
0.03136,35.6481,0.206672
0.03072,35.9224,0.399302
0.03072,35.406,0.332119
0.03013,35.565,0.183722
0.03107,35.67,0.236835
0.03132,35.5877,0.169094
0.03093,35.5304,0.283582
0.03156,35.6675,0.174531
0.03141,35.4957,0.175954
0.03241,35.772,0.224228
0.03075,35.6231,0.320886
0.03107,35.6461,0.196214
0.03264,35.5602,0.185563
0.03123,35.9119,0.273901
0.03081,35.7017,0.164289
0.03081,35.707,0.22057
0.03081,35.6474,0.19424
0.03279,35.7279,0.17805
0.03207,35.4592,0.276064
0.03158,35.4896,0.148675
0.03174,35.6746,0.20211
0.03201,35.576,0.196814
0.03212,35.8562,0.258808
0.03183,35.8808,0.19004
0.03189,35.9082,0.198168
0.03246,35.6638,0.156049
0.0337,35.6329,0.204026
0.03337,35.8381,0.178659
0.03212,35.7248,0.15355
0.03212,35.7992,0.326022
0.0325,35.7324,0.22019
0.03314,35.6164,0.168015
0.03245,35.6643,0.150947
0.03336,35.8159,0.198961
0.03292,35.8647,0.150987
0.03309,35.7797,0.159699
0.03344,35.829,0.273673
0.03316,36.0229,0.243018
0.03323,35.8276,0.259126
0.0331,35.9089,0.177213
0.03432,35.7587,0.312966
0.03352,35.9188,0.207416
0.03565,35.7837,0.217075
0.03533,35.825,0.340606
0.0337,35.9757,0.358083
0.03481,35.7348,0.155656
0.0341,35.8566,0.205773
0.03351,35.9118,0.165632
0.03492,35.8816,0.169326
0.03574,35.8937,0.211664
0.03369,35.8012,0.48333
0.03497,35.8349,0.334212
0.03445,35.861,0.1686
0.03518,35.9905,0.374822
0.03542,36.234,0.188455
0.03495,35.9591,0.225173
0.03495,36.1545,0.230318
0.03564,35.9325,0.204232
0.03501,35.5515,0.204326
0.03592,35.9909,0.187185
0.03544,35.8586,0.223482
0.03602,36.1845,0.187245
0.03577,36.0035,0.185251
0.03643,35.9282,0.1566
0.03725,36.0748,0.289284
0.03631,35.8056,0.308166
0.03616,36.0695,0.175025
0.03654,36.08,0.336812
0.03591,35.9637,0.166565
0.03646,36.0475,0.166339
0.03627,36.0067,0.135213
0.03589,35.8698,0.18969
0.03704,35.9789,0.163683
0.03639,35.949,0.262609
0.03652,36.3333,0.171248
0.03761,36.0063,0.206656
0.03672,36.0624,0.163008
0.03641,36.0889,0.198876
0.03732,35.8938,0.151724
0.0379,36.1141,0.236153
0.03762,36.5177,0.245806
0.0394,36.2254,0.311188
0.03748,36.2564,0.149974
0.03835,36.0125,0.17035
0.03832,36.026,0.219507
0.03871,36.0125,0.204712
0.038,36.1962,0.220822
0.03928,36.2125,0.18352
0.03996,36.284,0.147901
0.03891,36.5486,0.234635
0.04015,36.0167,0.143473
0.03975,35.9918,0.210464
0.04056,36.1263,0.168835
0.04045,36.4104,0.307187
0.04027,36.0403,0.147245
0.04059,36.3153,0.150794
0.04023,36.5601,0.280122
0.0428,36.2101,0.208042
0.04239,36.5106,0.426487
0.04223,36.2931,0.151018
0.04251,35.9138,0.29449
0.0413,36.2521,0.175538
0.04265,36.2018,0.162522
0.04252,36.2457,0.207056
0.04328,36.4165,0.166064
0.04275,36.2137,0.152187
0.04391,36.2594,0.177777
0.04307,36.3298,0.181208
0.04404,36.5469,0.231201
0.04397,36.2916,0.249078
0.0451,36.551,0.270525
0.04366,36.5114,0.286272
0.04429,36.4565,0.162334
0.04433,36.6866,0.304921
0.04502,36.4541,0.196266
0.04496,36.4634,0.173532
0.04488,36.1579,0.182756
0.04549,36.3811,0.196005
0.04627,36.2636,0.218105
0.04612,36.5394,0.159223
0.04541,36.3247,0.195021
0.04673,36.5081,0.209562
0.0467,36.4713,0.19409
0.04692,36.4786,0.148197
0.04764,36.7582,0.280677
0.04677,36.5642,0.229149
0.04734,36.6009,0.161688
0.04768,36.5946,0.145385
0.0478,36.5627,0.208806
0.04777,36.4976,0.165873
0.04777,36.3735,0.154741
0.04867,36.3303,0.135835
0.04839,36.641,0.181462
0.05018,36.5997,0.202684
0.04896,36.4691,0.176995
0.04928,36.5828,0.168097
0.05019,36.6402,0.244395
0.04952,36.4714,0.18553
0.0498,36.5693,0.155812
0.04998,36.8583,0.163226
0.04944,36.5403,0.453411
0.0497,36.4621,0.201896
0.05063,36.5461,0.190961
0.05071,36.7036,0.133364
0.04995,36.8523,0.302557
0.05139,36.8804,0.16836
0.05196,36.393,0.201448
0.05165,36.5862,0.156832
0.05148,36.7759,0.228182
0.05232,36.8679,0.208308
0.05229,36.8411,0.218249
0.0532,36.9144,0.207509
0.05268,36.7752,0.161766
0.05291,36.8474,0.172204
0.05449,36.8631,0.133817
0.0543,36.8327,0.178902
0.05485,36.8581,0.149593
0.05529,36.6433,0.175423
0.05513,36.8676,0.194374
0.05641,36.8109,0.193162
0.05658,36.9098,0.185051
0.05668,37.0393,0.176308
0.05631,36.9903,0.171451
0.0568,37.0687,0.221323
0.0576,36.9821,0.138149
0.05708,36.9545,0.182842
0.05837,36.9802,0.215566
0.05934,36.3001,0.617516
0.06079,37.032,0.17759
0.0613,37.1631,0.123921
0.06067,37.1383,0.198009
0.06116,36.9608,0.196145
0.06142,37.0747,0.183316
0.0637,37.3517,0.206518
0.06419,37.0197,0.155855
0.06398,37.0786,0.154429
0.06485,37.0851,0.153034
0.06603,37.3617,0.203312
0.06652,37.1627,0.296189
0.06723,37.4237,0.194412
0.06731,37.2344,0.203006
0.06758,37.4935,0.190499
0.06841,37.2381,0.191221
0.06908,37.4213,0.159324
0.0691,37.2817,0.174144
0.07076,37.2944,0.277681
0.07028,37.2961,0.226908
0.07046,37.4787,0.176182
0.07113,37.4814,0.447068
0.07068,37.4543,0.24781
0.07061,37.7291,0.501827
0.07074,37.3712,0.228257
0.07094,37.3552,0.196012
0.07149,37.2494,0.16107
0.07134,37.4155,0.208957
0.07193,37.5618,0.180815
0.07196,37.6319,0.199695
0.07301,37.6225,0.304764
0.07398,37.5535,0.176502
0.07478,37.4346,0.222054
0.07467,37.4501,0.192118
0.0749,37.4763,0.179761
0.0749,37.5656,0.154994
0.07514,37.8142,0.289148
0.07529,37.5461,0.217171
0.07557,37.6342,0.198325
0.07855,37.5715,0.150392
0.07833,37.8315,0.146078
0.07849,38.0154,0.239252
0.07849,38.0942,0.180119
0.07869,37.5988,0.503338
0.07891,37.7843,0.238199
0.07901,37.53,0.147217
0.07966,37.6003,0.157805
0.08024,37.6668,0.119289
0.08141,37.7215,0.219648
0.08221,37.8192,0.217606
0.08255,37.6774,0.265638
0.08282,37.9939,0.195118
0.08366,37.9686,0.221594
0.08544,37.8406,0.128563
0.08656,37.8484,0.21681
0.08848,37.7772,0.253181
0.09015,37.9202,0.21704
0.09066,38.0269,0.167553
0.09181,38.1602,0.266341
0.09284,38.2226,0.493293
0.09968,38.4377,0.194713
0.10142,38.2982,0.165557
0.10237,38.4085,0.187412
0.10231,38.2511,0.199553
0.10298,38.1815,0.18625
0.10338,38.3338,0.12638
0.10351,38.2079,0.196456
0.10485,38.4295,0.236183
0.10638,38.2611,0.195537
0.10684,38.4624,0.151122
0.10694,38.4295,0.210466
0.10728,38.7801,0.468541
0.10751,38.4984,0.180059
0.1081,38.4017,0.187108
0.10886,38.4016,0.133183
0.10988,38.5701,0.179741
0.11243,38.6214,0.163201
0.11365,38.3876,0.194923
0.11628,38.5408,0.159897
0.11635,38.6302,0.185742
0.11741,38.5727,0.239635
0.11771,38.6088,0.214419
0.11797,38.4157,0.127058
0.11878,38.5629,0.212381
0.11992,38.5958,0.200195
0.12042,38.7926,0.252257
0.12067,38.6348,0.302627
0.1219,38.5945,0.157915
0.12208,38.6119,0.231142
0.12262,38.6853,0.144584
0.12303,38.5967,0.274641
0.12336,38.6164,0.162163
0.12356,38.8009,0.333367
0.12363,38.8242,0.150324
0.12377,38.6504,0.145797
0.12384,38.835,0.221531
0.12455,38.7616,0.12587
0.12542,39.1417,0.298944
0.12608,38.4956,0.293348
0.12688,38.8125,0.259679
0.12694,38.6849,0.280884
0.12705,38.7429,0.159508
0.12716,38.7841,0.176913
0.129,38.7547,0.150979
0.12904,38.8403,0.212795
0.12929,38.833,0.250442
0.1294,38.8429,0.142748
0.13153,38.802,0.134576
0.13269,38.7841,0.122177
0.13349,38.8266,0.283718
0.13353,38.8434,0.157696
0.13463,39.2366,0.199357
0.13514,39.0775,0.31333
0.13599,38.9771,0.206627
0.1364,38.8475,0.195569
0.13687,39.0095,0.224296
0.13696,38.9616,0.259136
0.13729,39.3511,0.230391
0.13811,38.8857,0.128482
0.13818,38.9503,0.15974
0.13824,39.0229,0.12425
0.13834,39.0401,0.319084
0.13868,38.9999,0.176022
0.13864,39.0467,0.130742
0.13959,39.0213,0.145767
0.1407,39.1775,0.184019
0.14084,39.2835,0.203514
0.14108,39.0407,0.212429
0.1412,39.1237,0.260864
0.14311,39.047,0.160602
0.14335,39.5154,0.37065
0.14344,39.1135,0.129494
0.14388,39.0756,0.170594
0.1441,39.016,0.24096
0.14533,39.1518,0.210163
0.14624,39.1857,0.207408
0.14656,39.158,0.187578
0.14741,39.0154,0.197495
0.14729,38.9672,0.171803
0.14759,39.134,0.188785
0.14757,39.161,0.170177
0.14812,39.2285,0.184985
0.14792,39.0382,0.157931
0.14819,39.0239,0.142683
0.14882,39.1606,0.17494
0.14923,39.1104,0.175216
0.15036,39.1058,0.170038
0.15067,39.1687,0.134119
0.15186,39.0477,0.158769
0.15272,39.3239,0.173198
0.15304,39.2175,0.127754
0.15317,39.0991,0.159928
0.15325,39.2564,0.179373
0.15339,39.3639,0.175468
0.15493,39.2076,0.167881
0.15509,39.278,0.157843
0.15518,39.3994,0.175858
0.15591,38.9704,0.179204
0.15654,39.2087,0.210288
0.15838,39.0794,0.163715
0.15906,39.4267,0.283686
0.15922,38.9503,0.143914
0.15935,39.0908,0.143045
0.16009,39.0428,0.270648
0.15991,39.2286,0.167715
0.16036,39.2057,0.217053
0.16045,39.4242,0.26036
0.1606,39.2162,0.20927
0.16134,39.3106,0.246322
0.1622,39.3252,0.224064
0.16357,39.2807,0.200998
0.16431,39.2634,0.199319
0.16455,39.3293,0.139452
0.16478,39.3182,0.150918
0.16593,39.4938,0.241887
0.16595,39.1817,0.193496
0.16817,39.2757,0.165826
0.16935,39.5155,0.182871
0.1696,39.6721,0.274897
0.17029,39.4742,0.132684
0.17137,39.5424,0.275502
0.17156,39.4603,0.214715
0.17239,39.5021,0.177409
0.17274,39.2676,0.152344
0.17282,39.7263,0.252568
0.17315,39.3871,0.131849
0.17357,39.5403,0.18318
0.1736,39.3493,0.151501
0.17383,39.5986,0.318528
0.174,39.5734,0.137128
0.17405,39.3317,0.154309
0.17431,39.5053,0.183971
0.17427,39.5546,0.230974
0.17428,39.4849,0.162645
0.17483,39.7434,0.182014
0.17654,39.5164,0.135467
0.17697,39.5095,0.175623
0.17729,39.4771,0.138264
0.17769,39.3394,0.257355
0.1778,39.6477,0.131546
0.17839,39.9669,0.207864
0.1789,39.641,0.157339
0.17896,39.7672,0.201468
0.17916,39.5355,0.229828
0.17955,39.5509,0.280575
0.17959,39.5519,0.174634
0.17979,39.5962,0.208929
0.1799,39.9979,0.268081
0.18037,39.3688,0.13762
0.18059,39.5035,0.133745
0.18064,39.7166,0.179158
0.18067,39.6391,0.133983
0.18071,39.6151,0.246207
0.1808,39.6213,0.207991
0.18138,39.6585,0.225961
0.18123,39.4868,0.134057
0.18148,39.3953,0.235174
0.18203,39.5863,0.201062
0.18216,39.5259,0.149858
0.18217,39.6885,0.152439
0.18243,39.7821,0.177319
0.18345,39.5995,0.294191
0.18383,39.68,0.151568
0.18376,39.752,0.19743
0.18388,39.796,0.218377
0.18444,39.9384,0.282465
0.18443,39.7891,0.142656
0.18468,39.6548,0.27682
0.18482,39.613,0.134864
0.18492,39.7435,0.159325
0.18501,39.6347,0.160441
0.18507,39.5427,0.172189
0.18538,39.7882,0.139358
0.18651,39.7559,0.144508
0.18714,39.7694,0.13671
0.18801,39.7451,0.191467
0.18892,39.4384,0.149571
0.18893,39.8089,0.256269
0.18937,39.9359,0.228953
0.18915,40.1408,0.200523
0.18931,39.7413,0.209197
0.18955,39.7624,0.238646
0.18979,39.7286,0.224725
0.19009,39.8807,0.15799
0.19026,39.6892,0.294972
0.1903,39.9182,0.154841
0.19397,39.7983,0.218857
0.19422,39.8787,0.222002
0.19534,40.1343,0.403955
0.19556,39.7111,0.156617
0.19549,39.9082,0.195934
0.19555,39.958,0.212325
0.19602,39.7288,0.124812
0.19611,39.7747,0.157962
0.19616,39.8397,0.254651
0.19624,39.8927,0.29342
0.19719,39.8018,0.14158
0.19726,39.6932,0.130873
0.19786,39.492,0.189171
0.19801,39.7561,0.182544
0.19815,39.8879,0.174409
0.19846,40.3246,0.238597
0.1986,39.8881,0.211487
0.19863,39.889,0.174502
0.19892,40.0216,0.217638
0.19956,39.8511,0.254227
0.19948,39.6764,0.246154
0.19957,39.8965,0.17155
0.20062,39.6837,0.194976
0.20068,39.9838,0.252956
0.20074,39.7672,0.316127
0.20139,39.8575,0.216953
0.20216,39.6184,0.198124
0.20237,39.9949,0.159703
0.20268,39.8373,0.184965
0.20308,39.9658,0.146626
0.20314,39.8822,0.166845
0.20318,39.9277,0.173799
0.20323,39.9335,0.216127
0.20368,39.9041,0.171481
0.20454,39.8809,0.160012
0.20471,39.8427,0.202322
0.20515,40.1661,0.227714
0.20549,39.8126,0.174944
0.20699,39.9225,0.279831
0.20736,40.316,0.333666
0.20754,40.0725,0.148972
0.20831,39.7299,0.272182
0.20847,39.8758,0.146778
0.20856,40.1034,0.239508
0.20857,39.8639,0.197696
0.20864,39.8798,0.15965
0.20937,39.8413,0.262138
0.21003,40.1479,0.148877
0.21023,39.4543,0.186032
0.21071,39.9632,0.223017
0.21083,39.806,0.155718
0.21099,39.9552,0.163264
0.21137,40.1415,0.266119
0.2116,39.9676,0.230498
0.21186,39.9136,0.194498
0.21214,39.9374,0.243726
0.21339,40.0218,0.16528
0.21353,40.0084,0.19033
0.21383,39.8874,0.197488
0.21442,40.0179,0.298904
0.21511,39.8825,0.477887
0.21513,40.4641,0.22943
0.21566,40.2253,0.258716
0.21653,39.8253,0.141535
0.21674,40.0672,0.190384
0.21677,40.0932,0.185301
0.21729,40.1395,0.269611
0.21781,39.9942,0.174837
0.21848,40.2216,0.204417
0.21884,40.1416,0.247596
0.21885,40.1925,0.240729
0.21887,40.1292,0.218822
0.21886,40.0296,0.130815
0.21943,40.0048,0.208962
0.21935,40.1098,0.160031
0.21982,40.0616,0.124319
0.21967,40.0882,0.173376
0.21976,40.2387,0.220195
0.22005,39.9228,0.242946
0.22055,40.1876,0.225274
0.22069,40.0798,0.266821
0.22141,40.0441,0.143254
0.22141,40.0588,0.204756
0.22157,40.1937,0.166162
0.22287,40.3257,0.281229
0.22335,40.1511,0.167278
0.22373,40.0162,0.172818
0.22451,40.1293,0.19721
0.22451,39.9449,0.245775
0.22482,40.1126,0.160616
0.22552,40.1491,0.174035
0.22534,40.1329,0.188923
0.22536,40.1856,0.197444
0.22563,39.9865,0.175963
0.22632,40.3912,0.201078
0.22714,40.097,0.228488
0.22806,40.2236,0.183395
0.22853,40.1604,0.308241
0.22917,40.2229,0.202405
0.22967,40.1351,0.188066
0.23006,40.1283,0.227444
0.23044,40.3062,0.260109
0.23066,40.0717,0.296847
0.23075,40.1049,0.204707
0.23083,40.2958,0.226289
0.23111,40.3169,0.189753
0.2315,40.201,0.226906
0.23171,40.0875,0.237265
0.23212,40.2045,0.159507
0.23269,39.8341,0.180906
0.23356,40.1857,0.255059
0.23364,40.4148,0.19637
0.23381,40.1788,0.292139
0.23381,40.1389,0.214099
0.23475,40.1912,0.32799
0.23471,40.2784,0.167703
0.23483,40.158,0.183242
0.23508,40.1629,0.275154
0.23543,40.2336,0.214202
0.2363,40.3805,0.155735
0.23649,40.2636,0.156727
0.23653,40.4674,0.193131
0.23671,40.119,0.236651
0.23684,40.2279,0.210237
0.23711,40.2245,0.203948
0.23735,40.7365,0.305716
0.23776,40.2317,0.172272
0.23954,39.9059,0.208409
0.23971,40.13,0.180786
0.24004,40.3847,0.264226
0.24072,40.4016,0.166736
0.24106,40.3291,0.130654
0.24153,40.1214,0.184136
0.24151,40.172,0.261675
0.24207,40.564,0.221356
0.24267,40.4217,0.219858
0.24271,40.5734,0.259119
0.24316,40.2516,0.143114
0.24341,40.538,0.306318
0.24405,40.2956,0.242814
0.24436,40.2064,0.221704
0.24449,40.1263,0.186144
0.24497,40.3336,0.209543
0.24512,40.4957,0.181643
0.24539,40.3582,0.219468
0.24594,40.4318,0.167359
0.24604,40.3473,0.149416
0.24637,40.378,0.17135
0.24643,40.2829,0.214739
0.24649,40.3907,0.15515
0.24701,40.1983,0.137434
0.24835,40.203,0.17717
0.24848,40.4912,0.215929
0.24848,40.4276,0.195634
0.24851,40.3657,0.261564
0.24853,40.3256,0.178325
0.24883,40.427,0.180619
0.24899,40.3167,0.167358
0.24961,40.6733,0.220606
0.24973,40.2961,0.206796
0.24974,40.3915,0.163714
0.25004,40.5965,0.224495
0.25008,40.3764,0.218218
0.2503,40.4145,0.179616
0.25037,40.5692,0.188725
0.25052,40.3009,0.188277
0.25077,40.3873,0.202604
0.25191,40.4698,0.207347
0.25247,40.4622,0.166497
0.25249,40.4066,0.259149
0.25319,40.3688,0.15705
0.25345,40.0303,0.262822
0.25394,40.4546,0.167762
0.25605,40.6458,0.194176
0.25609,40.5593,0.271675
0.25625,40.3729,0.207312
0.25672,40.5023,0.251739
0.25721,40.5776,0.249962
0.25723,40.4941,0.193606
0.2576,40.6088,0.22531
0.258,40.528,0.231214
0.25847,40.4663,0.209281
0.25855,40.51,0.149785
0.25911,40.5418,0.163699
0.25908,40.2879,0.178603
0.25912,40.4255,0.162943
0.25935,40.5238,0.233841
0.25954,40.442,0.169977
0.26051,40.5033,0.171288
0.26086,40.6128,0.185932
0.2613,40.447,0.207526
0.26151,40.4182,0.225542
0.26162,40.6874,0.258941
0.26162,40.681,0.233293
0.26166,40.392,0.226027
0.26173,40.6935,0.249126
0.26187,40.7216,0.216893
0.2629,41.2641,0.514634
0.26309,40.6388,0.170092
0.26348,40.3997,0.177345
0.26384,40.5588,0.167704
0.26386,40.3035,0.205843
0.26395,40.6342,0.381046
0.26405,40.5074,0.238455
0.26462,40.5153,0.197965
0.26451,40.6719,0.256474
0.2657,40.6087,0.219728
0.26576,40.3244,0.206109
0.26629,40.2901,0.264978
0.26687,40.5463,0.204902
0.26794,40.5103,0.202065
0.26804,40.4623,0.232043
0.2685,40.579,0.191142
0.26848,40.4553,0.240404
0.26879,40.6039,0.217156
0.27006,40.6363,0.197002
0.2701,40.5089,0.164866
0.27045,40.5139,0.20931
0.27085,40.4887,0.166124
0.27129,40.5677,0.123404
0.27265,40.5415,0.173203
0.2734,40.4721,0.208686
0.27444,40.7399,0.293068
0.27511,40.7769,0.239421
0.27508,40.5286,0.241865
0.27574,40.6631,0.213576
0.27619,40.6749,0.180061
0.27656,40.8504,0.272235
0.27764,40.6186,0.24474
0.27784,40.9187,0.17803
0.27924,40.7037,0.164335
0.2798,40.5056,0.19932
0.27987,40.5664,0.153331
0.28049,40.6663,0.153096
0.28122,40.6224,0.174763
0.28198,40.5986,0.166629
0.28256,40.744,0.297355
0.28333,40.6596,0.184378
0.28395,40.5735,0.154134
0.28436,40.5431,0.186562
0.28434,40.6919,0.20709
0.28468,41.1135,0.351325
0.28547,40.7046,0.185989
0.28577,40.671,0.173206
0.28655,40.6389,0.217509
0.28723,40.5691,0.250397
0.28746,40.5379,0.238886
0.28763,40.8753,0.227224
0.28806,40.7075,0.188011
0.28835,40.749,0.137848
0.28843,40.7458,0.165419
0.28882,40.9433,0.226038
0.2889,40.7428,0.228497
0.28896,40.6763,0.168052
0.28899,40.702,0.277224
0.28952,40.9765,0.256114
0.29001,40.7393,0.271437
0.28998,40.7298,0.234493
0.29036,40.7861,0.23085
0.29114,40.484,0.219145
0.29199,40.7606,0.177707
0.29186,40.7653,0.172199
0.29208,40.7505,0.483728
0.29208,40.4229,0.292471
0.29241,40.6378,0.228825
0.29246,40.6952,0.224836
0.2928,40.7458,0.174302
0.29291,40.8268,0.203556
0.29354,40.857,0.204834
0.29496,40.762,0.173778
0.29568,41.0209,0.307913
0.29576,40.9989,0.165779
0.29639,40.9938,0.366054
0.29683,40.6595,0.202621
0.29687,40.7505,0.210501
0.29842,41.2705,0.232731
0.29845,40.6539,0.272883
0.29888,40.9195,0.25505
0.29923,41.0113,0.341681
0.29947,41.0213,0.195981
0.29936,40.7335,0.186464
0.30007,40.9837,0.198158
0.30022,40.8795,0.247188
0.30078,41.1729,0.294726
0.3015,40.8585,0.191702
0.30141,41.1086,0.206046
0.30254,40.8894,0.22475
0.30296,40.8204,0.274703
0.30339,40.9204,0.142521
0.30354,41.0778,0.197526
0.30396,40.719,0.22209
0.30395,40.7052,0.182517
0.30478,41.0411,0.242802
0.30477,40.9018,0.140115
0.30519,40.5924,0.306711
0.30525,40.9054,0.133839
0.30551,41.0041,0.226225
0.30568,40.9451,0.165493
0.30641,40.8959,0.201565
0.30668,41.16,0.239095
0.30697,40.9573,0.150058
0.30805,41.2018,0.139651
0.30822,40.9533,0.254065
0.30881,40.9954,0.152417
0.30915,41.046,0.250639
0.3093,40.9757,0.270379
0.30939,41.0177,0.300429
0.30955,40.72,0.257177
0.31043,40.6197,0.336421
0.31053,40.9962,0.221391
0.31077,41.046,0.182638
0.31152,41.0123,0.141744
0.31185,41.0377,0.210925
0.31195,40.9503,0.160446
0.31252,40.9565,0.149709
0.31258,41.0352,0.279475
0.31259,40.6239,0.2062
0.31287,41.0195,0.203499
0.31294,41.0061,0.176794
0.31377,41.0228,0.214434
0.31444,41.1251,0.155711
0.31495,41.0194,0.227804
0.31509,40.8837,0.219964
0.31577,41.2033,0.233304
0.31582,40.933,0.227638
0.31613,41.1979,0.274091
0.31773,41.0738,0.195921
0.31795,41.0772,0.167213
0.31813,41.0199,0.153489
0.31839,41.3345,0.327925
0.31893,41.141,0.177674
0.31892,40.8941,0.203876
0.32089,41.2315,0.207296
0.32095,40.9546,0.156373
0.32108,41.1921,0.293444
0.32214,40.7271,0.199265
0.32214,40.8628,0.158186
0.32214,40.8774,0.138773
0.32265,40.9316,0.211904
0.32454,41.0699,0.126468
0.32535,41.2273,0.193265
0.3255,41.2625,0.255286
0.3257,41.1639,0.271274
0.32573,41.0478,0.141716
0.32622,41.0504,0.157201
0.32794,41.0002,0.171833
0.32829,41.3079,0.308428
0.32838,41.351,0.278699
0.32843,40.934,0.295651
0.3287,41.0716,0.150485
0.32859,41.1,0.144172
0.3286,40.9276,0.222195
0.3291,41.0566,0.165152
0.32931,41.4109,0.310571
0.32943,41.2391,0.162498
0.3296,41.1031,0.114803
0.32985,40.8444,0.209813
0.33055,41.2306,0.131607
0.33048,41.1674,0.214426
0.33052,41.1689,0.23109
0.3308,41.1586,0.239453
0.3308,40.996,0.212048
0.33094,41.0098,0.137116
0.33154,41.0301,0.218692
0.33137,41.2335,0.285481
0.33155,41.1012,0.166036
0.33179,41.0149,0.143999
0.3324,40.977,0.159233
0.3329,41.3299,0.201675
0.33353,41.0025,0.141896
0.33353,41.0366,0.176123
0.33439,41.1204,0.23572
0.3349,41.0251,0.171864
0.33513,41.0242,0.177927
0.33663,41.0367,0.18424
0.33752,41.1678,0.278653
0.33739,41.0098,0.23724
0.33753,41.1477,0.176101
0.3378,41.1537,0.233862
0.33825,41.145,0.211242
0.33851,41.1131,0.200412
0.339,41.0555,0.356511
0.34051,41.1737,0.192422
0.3409,41.0587,0.1943
0.34101,41.0641,0.255103
0.34176,41.2122,0.321008
0.34448,41.3081,0.152468
0.3445,41.2914,0.299203
0.34479,41.2333,0.171671
0.34547,41.2033,0.23021
0.34594,41.3318,0.136683
0.34686,41.4163,0.370346
0.34704,41.1174,0.244272
0.34872,41.3721,0.218415
0.34899,41.2499,0.158604
0.34918,41.282,0.206036
0.3492,41.1406,0.157954
0.34946,41.2033,0.168604
0.34957,41.005,0.226318
0.34956,41.3756,0.171432
0.34952,41.1526,0.205831
0.34957,41.4873,0.287684
0.35017,41.1867,0.147015
0.35066,41.2342,0.163121
0.35087,41.2532,0.161378
0.35157,41.4798,0.209505
0.35156,41.3343,0.138963
0.35361,41.3657,0.191944
0.35527,41.4647,0.223042
0.35767,41.3574,0.291964
0.35791,41.3539,0.215252
0.35833,41.2423,0.215992
0.35858,41.1484,0.288995
0.35901,41.1532,0.305677
0.35897,41.4429,0.171109
0.35949,41.4213,0.15447
0.36005,41.187,0.191161
0.36023,41.0791,0.230289
0.36081,41.4328,0.197529
0.36138,41.1159,0.288022
0.36272,41.2452,0.209997
0.36326,41.364,0.215101
0.36491,41.4626,0.291566
0.36613,41.136,0.226225
0.36648,41.2327,0.155657
0.36705,41.2088,0.151911
0.3678,41.2627,0.165575
0.36791,41.4699,0.158375
0.36844,41.5479,0.336428
0.36862,41.463,0.345551
0.36952,41.4498,0.244353
0.36977,41.2185,0.255045
0.37012,41.3794,0.188778
0.37059,41.3759,0.163241
0.37051,41.3833,0.160025
0.37046,41.6395,0.256631
0.37053,41.273,0.282407
0.37053,41.0698,0.135854
0.37087,41.4098,0.39052
0.37143,41.334,0.168104
0.3716,41.3842,0.116639
0.3715,41.4289,0.165418
0.37351,41.3114,0.133039
0.37426,41.4722,0.234786
0.37678,41.4155,0.15471
0.37798,41.3598,0.223183
0.37859,41.4271,0.182401
0.37986,41.2959,0.219919
0.37989,41.4154,0.163795
0.38052,41.4614,0.188044
0.38083,41.4511,0.201434
0.38131,41.4549,0.20413
0.3816,41.6775,0.218983
0.38174,41.5615,0.198898
0.3825,41.3726,0.265174
0.38284,41.3678,0.206585
0.38394,41.5182,0.20184
0.38594,41.5217,0.152114
0.38677,41.3791,0.270807
0.38735,41.5567,0.273474
0.38772,41.6302,0.283892
0.38886,41.383,0.199578
0.38951,41.544,0.192176
0.39262,41.4742,0.237288
0.39512,41.4677,0.203648
0.39698,41.259,0.168535
0.39946,41.7119,0.28782
0.40048,41.4918,0.158339
0.40212,41.4795,0.199524
0.40286,41.5478,0.290402
0.40361,41.616,0.213828
0.40454,41.6747,0.166047
0.40472,41.3373,0.202033
0.40547,41.7807,0.135518
0.40648,41.6914,0.168815
0.409,41.7002,0.240024
0.40911,41.7405,0.363654
0.40927,41.7061,0.274957
0.40947,41.6784,0.172193
0.40995,41.6836,0.279968
0.41114,41.662,0.318089
0.41131,41.8335,0.242677
0.41152,41.8131,0.149106
0.41258,41.7893,0.330128
0.41664,41.7295,0.149208
0.41864,41.6174,0.202099
0.41927,41.6863,0.192599
0.41931,41.4604,0.22264
0.41962,41.8662,0.224621
0.41956,41.7981,0.235757
0.41997,41.4394,0.294415
0.42027,41.8343,0.344188
0.4209,41.6178,0.17643
0.42085,41.728,0.250117
0.42199,41.5336,0.270821
0.42245,41.6483,0.231707
0.42242,41.6796,0.275449
0.42355,41.5955,0.186465
0.42349,41.8403,0.400817
0.42392,41.7264,0.13417
0.42451,41.7483,0.195831
0.42562,41.7039,0.195468
0.42594,41.7517,0.175449
0.42689,41.813,0.229539
0.42694,41.8348,0.198324
0.42784,42.2757,0.23861
0.42865,41.8825,0.403543
0.42888,41.6443,0.193398
0.42895,41.8266,0.250757
0.42967,41.9219,0.19807
0.43013,41.8354,0.165783
0.43487,41.7828,0.183674
0.43544,41.5839,0.13365
0.43673,42.0051,0.1818
0.43765,41.6253,0.16614
0.43774,41.882,0.356877
0.43883,41.4679,0.211194
0.43883,41.6682,0.279961
0.43926,41.8262,0.202784
0.44004,42.1401,0.441915
0.44059,41.6364,0.160177
0.44154,41.6823,0.183572
0.44246,41.8523,0.172891
0.44254,41.9039,0.139699
0.44368,41.793,0.182219
0.44384,41.8069,0.290347
0.44756,41.8552,0.223954
0.4489,41.8853,0.221814
0.44896,41.9875,0.215648
0.4506,41.6446,0.157686
0.451,41.9281,0.213431
0.45169,41.5892,0.225346
0.45169,41.9923,0.154715
0.45155,41.7162,0.305385
0.45223,41.9959,0.320076
0.45333,41.7953,0.207786
0.45347,41.8863,0.14411
0.45463,41.7873,0.209236
0.45478,41.8839,0.284149
0.45878,41.9679,0.252185
0.46055,42.0021,0.190943
0.46098,42.0162,0.230251
0.46156,41.9839,0.138441
0.46641,42.3424,0.396492
0.4666,42.048,0.135922
0.4684,41.9733,0.206146
0.4688,41.7631,0.234035
0.47039,42.2151,0.404516
0.47057,42.0135,0.180637
0.4717,41.9798,0.210913
0.47196,42.0374,0.25691
0.47572,41.938,0.177112
0.47793,42.2269,0.228278
0.47943,41.8695,0.203883
0.47948,42.0107,0.198987
0.4798,41.8956,0.237796
0.48056,42.0041,0.160362
0.48071,41.9748,0.139221
0.48171,42.3055,0.210887
0.48881,42.0842,0.199732
0.49246,42.2783,0.335403
0.49501,42.0821,0.165011
0.4956,42.1453,0.120919
0.49572,42.0817,0.153945
0.49737,42.1268,0.225856
0.50073,42.257,0.253816
0.5009,42.1165,0.283133
0.50276,42.161,0.218549
0.50276,42.0703,0.312874
0.503,42.1484,0.311282
0.50309,42.1444,0.228687
0.50598,42.079,0.166703
0.50617,42.1043,0.151709
0.50716,42.2358,0.180974
0.50737,42.2419,0.288822
0.50817,42.0193,0.184312
0.51006,42.0945,0.144405
0.51087,42.0583,0.239085
0.51175,42.3885,0.227281
0.5138,42.2567,0.35966
0.51435,42.2259,0.196162
0.51475,42.3259,0.402924
0.51718,42.0932,0.190441
0.51876,42.1949,0.250421
0.51879,42.1824,0.209558
0.51943,42.2438,0.315111
0.5196,42.2905,0.196455
0.52277,42.3496,0.273927
0.52393,42.1774,0.369236
0.52613,42.1702,0.223271
0.52851,42.0855,0.188829
0.52939,42.2913,0.141023
0.53091,41.8802,0.23431
0.53105,42.5109,0.289268
0.53117,42.5253,0.38093
0.53226,41.9821,0.221979
0.53277,42.2472,0.294354
0.53377,42.1649,0.273819
0.53433,42.1433,0.225295
0.53532,42.3205,0.204703
0.53578,42.2134,0.209507
0.53944,42.3338,0.244476
0.54089,42.2791,0.233447
0.54154,42.53,0.24247
0.5454,42.5633,0.191404
0.54832,42.0235,0.363222
0.54886,42.1695,0.378555
0.55011,42.3253,0.19588
0.55031,42.3728,0.208456
0.55048,42.4104,0.376261
0.5526,42.1938,0.244151
0.5538,42.49,0.207133
0.55389,42.0827,0.177409
0.55775,42.4389,0.195189
0.55875,42.7331,0.3833
0.55875,42.2975,0.356215
0.56174,42.2937,0.227829
0.56263,42.6016,0.265242
0.56276,42.4296,0.234712
0.56441,42.3928,0.221111
0.5643,42.4881,0.207587
0.56431,42.3969,0.296515
0.56475,42.4873,0.19275
0.56883,42.2407,0.262337
0.57535,42.1912,0.452867
0.57583,42.5915,0.213158
0.57609,42.4887,0.202103
0.57661,42.4263,0.166843
0.57741,42.645,0.290949
0.57829,42.4174,0.24485
0.57823,42.4512,0.241176
0.57875,42.4272,0.214391
0.57884,42.5317,0.231686
0.57959,42.3923,0.23116
0.5806,42.573,0.262496
0.58073,42.7061,0.239821
0.58294,42.5408,0.168029
0.58328,42.7974,0.186201
0.58375,42.4765,0.198486
0.58375,42.6489,0.184752
0.58382,42.4199,0.199369
0.58575,42.707,0.37297
0.58728,42.6241,0.203038
0.58873,42.5021,0.220032
0.59028,42.5156,0.248253
0.59184,42.4508,0.255828
0.6006,42.6116,0.278838
0.60149,42.7562,0.394779
0.60327,42.7503,0.2001
0.6062,42.6158,0.275076
0.60826,42.5904,0.228388
0.6088,42.4282,0.350327
0.60873,42.6179,0.230751
0.60987,42.6876,0.321483
0.61064,42.6686,0.184238
0.61125,42.9049,0.247686
0.61171,42.701,0.16444
0.61571,42.7085,0.347272
0.61869,42.7164,0.388756
0.61942,42.6948,0.2753
0.61988,42.7557,0.154862
0.62063,42.6988,0.268136
0.62188,42.5894,0.275623
0.62523,42.6577,0.215148
0.62723,42.585,0.244041
0.63071,42.6632,0.202856
0.63189,42.3111,0.32695
0.63223,42.8493,0.323662
0.63392,42.5972,0.147609
0.63771,42.5298,0.442879
0.63787,42.8637,0.31082
0.63823,42.6594,0.367516
0.63866,42.7804,0.261646
0.63936,42.79,0.171844
0.6419,42.8476,0.256941
0.64305,42.3609,0.407842
0.64364,42.7992,0.309841
0.64363,42.8034,0.316528
0.64763,42.819,0.288435
0.64846,43.0397,0.272369
0.64863,42.7335,0.310678
0.64964,42.7805,0.149571
0.66207,42.9793,0.279772
0.66463,42.8698,0.233989
0.67065,43.0677,0.274795
0.67767,43.2251,0.311797
0.68195,42.8376,0.239367
0.68365,43.1716,0.407734
0.68517,43.0166,0.366173
0.68867,42.8137,0.226508
0.68937,42.8535,0.15677
0.68937,43.0444,0.271991
0.69065,42.9143,0.425857
0.69316,42.9162,0.318024
0.69716,42.9692,0.212738
0.69816,42.9671,0.342807
0.69916,42.9402,0.338462
0.69916,43.0691,0.215345
0.69933,43.1107,0.155898
0.69997,43.1147,0.29538
0.70064,42.917,0.223194
0.70115,43.0968,0.261582
0.70197,42.8962,0.462713
0.70198,43.0433,0.252753
0.71565,42.9944,0.245932
0.71867,42.8739,0.18843
0.71962,43.1638,0.204549
0.71964,42.97,0.342226
0.72013,43.1612,0.243162
0.72067,43.0459,0.305174
0.72667,43.0811,0.248363
0.72767,43.008,0.257091
0.72861,43.005,0.283498
0.73012,42.9186,0.321961
0.73163,43.1799,0.196424
0.73362,42.9845,0.195902
0.734,43.22,0.388289
0.73501,43.2537,0.224615
0.73562,43.1807,0.25711
0.73602,43.1675,0.425639
0.73668,42.992,0.21489
0.74202,43.4813,0.32514
0.74269,43.0825,0.327179
0.74566,43.1675,0.195179
0.74613,42.9817,0.25474
0.7491,42.9396,0.262488
0.74932,43.1772,0.163225
0.75068,42.9012,0.318716
0.75904,43.2469,0.233153
0.76069,43.0667,0.201161
0.76108,43.1767,0.236628
0.76159,43.131,0.239872
0.7656,43.2369,0.225434
0.7666,43.4224,0.250162
0.76668,43.3623,0.27025
0.76707,43.5587,0.25715
0.7686,43.2929,0.311675
0.76933,43.2168,0.162741
0.77308,43.3568,0.295081
0.77931,43.0395,0.311092
0.78806,43.3042,0.232049
0.78905,43.3837,0.271177
0.78929,43.1995,0.165559
0.79656,42.9026,0.372096
0.79858,43.4338,0.288144
0.83973,43.36,0.211845
0.83973,43.2012,0.390423
0.85474,43.6168,0.299913
0.93577,43.5331,0.239939
0.97424,44.1111,0.201519
1.01236,44.1177,0.367085
1.0198,44.2757,0.225903
1.02081,43.9706,0.47547
1.02781,44.5364,0.353385
1.04819,44.4229,0.488758
1.12085,44.4405,0.22363
1.23223,44.3207,0.610496
1.23589,44.905,0.273735
1.29912,44.8641,0.275291
1.30412,44.7206,0.316517
1.30612,45.0197,0.445162
1.31311,44.7867,0.316349
1.32911,44.8745,0.238344
1.34093,44.7541,0.306395
1.35134,44.5492,0.31846
1.3561,44.8094,0.238282
1.39096,44.7944,0.374345
1.41631,44.4579,0.735776
1.54295,45.0902,0.371014
1.54903,45.293,0.233771
1.61499,45.1595,0.333024
1.69702,45.2863,0.38048
1.80111,45.4865,0.281981
1.9116,45.4233,0.358642
2.2613,46.1828,0.281309
